Hand,PotentialExploitability,Exploited,PctExploited,P0Vulnerability,Winnings
0,0.069242462,-0.258977862,-3.740159637,2.714347986,-1
1,0.069242462,-0.258977862,-3.740159637,2.714347986,-14
2,0.069242462,-0.301951113,-4.360779555,4.514347986,-21
3,0.069242462,0.019240935,0.277877690,1.847681319,-30
4,0.069242462,-0.258977862,-3.740159637,2.714347986,-35
